사용월,호선명,역ID,지하철역,승차승객수,하차승객수,작업일시
2021-08,1호선,1,서울역,"938,002","893,346",2021-09-03 10:03:14
2021-08,1호선,10,동묘앞,"229,111","235,014",2021-09-03 10:03:14
2021-08,1호선,2,시청,"448,993","442,944",2021-09-03 10:03:14
2021-08,1호선,3,종각,"717,771","691,340",2021-09-03 10:03:14
2021-08,1호선,4,종로3가,"594,464","552,475",2021-09-03 10:03:14
2021-08,1호선,5,종로5가,"506,689","500,888",2021-09-03 10:03:14
2021-08,1호선,6,동대문,"274,678","260,656",2021-09-03 10:03:14
2021-08,1호선,7,신설동,"319,277","316,122",2021-09-03 10:03:14
2021-08,1호선,8,제기동,"410,688","422,072",2021-09-03 10:03:14
2021-08,1호선,9,청량리(서울시립대입구),"491,117","495,034",2021-09-03 10:03:14
2021-08,2호선,11,시청,"471,351","451,566",2021-09-03 10:03:14
2021-08,2호선,12,을지로입구,"818,120","823,789",2021-09-03 10:03:14
2021-08,2호선,13,을지로3가,"457,508","452,792",2021-09-03 10:03:14
2021-08,2호선,14,을지로4가,"281,001","277,892",2021-09-03 10:03:14
2021-08,2호선,15,동대문역사문화공원(DDP),"266,900","295,930",2021-09-03 10:03:14
2021-08,2호선,16,신당,"325,218","339,706",2021-09-03 10:03:14
2021-08,2호선,17,상왕십리,"326,735","319,513",2021-09-03 10:03:14
2021-08,2호선,18,왕십리(성동구청),"357,915","294,289",2021-09-03 10:03:14
2021-08,2호선,19,한양대,"140,076","142,898",2021-09-03 10:03:14
2021-08,2호선,20,뚝섬,"480,262","516,229",2021-09-03 10:03:14
2021-08,2호선,21,성수,"789,889","863,896",2021-09-03 10:03:14
2021-08,2호선,22,건대입구,"794,727","850,534",2021-09-03 10:03:14
2021-08,2호선,23,구의(광진구청),"543,474","540,867",2021-09-03 10:03:14
2021-08,2호선,24,강변(동서울터미널),"720,011","704,772",2021-09-03 10:03:14
2021-08,2호선,25,잠실나루,"317,919","312,246",2021-09-03 10:03:14
2021-08,2호선,26,잠실(송파구청),"1,539,356","1,514,327",2021-09-03 10:03:14
2021-08,2호선,27,잠실새내,"477,888","480,507",2021-09-03 10:03:14
2021-08,2호선,28,종합운동장,"153,882","164,855",2021-09-03 10:03:14
2021-08,2호선,29,삼성(무역센터),"1,076,280","1,077,253",2021-09-03 10:03:14
2021-08,2호선,30,선릉,"1,181,228","1,048,553",2021-09-03 10:03:14
2021-08,2호선,31,역삼,"1,053,541","1,154,897",2021-09-03 10:03:14
2021-08,2호선,32,강남,"1,874,711","1,819,150",2021-09-03 10:03:14
2021-08,2호선,33,교대(법원.검찰청),"734,499","826,824",2021-09-03 10:03:14
2021-08,2호선,34,서초,"467,928","445,756",2021-09-03 10:03:14
2021-08,2호선,35,방배,"354,836","376,549",2021-09-03 10:03:14
2021-08,2호선,36,사당,"810,975","877,492",2021-09-03 10:03:14
2021-08,2호선,37,낙성대(강감찬),"648,440","633,902",2021-09-03 10:03:14
2021-08,2호선,38,서울대입구(관악구청),"1,121,312","1,105,337",2021-09-03 10:03:14
2021-08,2호선,39,봉천,"564,579","530,831",2021-09-03 10:03:14
2021-08,2호선,40,신림,"1,503,604","1,467,939",2021-09-03 10:03:14
2021-08,2호선,41,신대방,"629,711","614,302",2021-09-03 10:03:14
2021-08,2호선,42,구로디지털단지,"1,331,304","1,339,493",2021-09-03 10:03:14
2021-08,2호선,43,대림(구로구청),"574,833","591,016",2021-09-03 10:03:14
2021-08,2호선,44,신도림,"1,110,482","1,082,008",2021-09-03 10:03:14
2021-08,2호선,45,문래,"464,798","478,044",2021-09-03 10:03:14
2021-08,2호선,46,영등포구청,"505,897","508,466",2021-09-03 10:03:14
2021-08,2호선,47,당산,"416,287","476,081",2021-09-03 10:03:14
2021-08,2호선,48,합정,"725,187","749,534",2021-09-03 10:03:14
2021-08,2호선,49,홍대입구,"1,247,932","1,273,453",2021-09-03 10:03:14
2021-08,2호선,50,신촌,"764,409","780,723",2021-09-03 10:03:14
2021-08,2호선,51,이대,"287,580","304,346",2021-09-03 10:03:14
2021-08,2호선,52,아현,"241,270","233,035",2021-09-03 10:03:14
2021-08,2호선,53,충정로(경기대입구),"215,241","224,685",2021-09-03 10:03:14
2021-08,2호선,54,용답,"63,845","63,231",2021-09-03 10:03:14
2021-08,2호선,55,신답,"36,426","42,679",2021-09-03 10:03:14
2021-08,2호선,56,신설동,"80,204","78,910",2021-09-03 10:03:14
2021-08,2호선,57,도림천,"31,178","31,763",2021-09-03 10:03:14
2021-08,2호선,58,양천구청,"151,494","161,662",2021-09-03 10:03:14
2021-08,2호선,59,신정네거리,"238,661","248,650",2021-09-03 10:03:14
2021-08,2호선,60,용두(동대문구청),"56,107","57,164",2021-09-03 10:03:14
2021-08,3호선,61,지축,"102,072","100,222",2021-09-03 10:03:14
2021-08,3호선,62,구파발,"485,430","468,744",2021-09-03 10:03:14
2021-08,3호선,63,연신내,"889,855","846,155",2021-09-03 10:03:14
2021-08,3호선,64,불광,"387,729","419,095",2021-09-03 10:03:14
2021-08,3호선,65,녹번,"351,750","321,083",2021-09-03 10:03:14
2021-08,3호선,66,홍제,"400,093","381,490",2021-09-03 10:03:14
2021-08,3호선,67,무악재,"90,677","92,509",2021-09-03 10:03:14
2021-08,3호선,68,독립문,"165,072","167,310",2021-09-03 10:03:14
2021-08,3호선,69,경복궁(정부서울청사),"430,295","427,693",2021-09-03 10:03:14
2021-08,3호선,70,안국,"418,518","434,686",2021-09-03 10:03:14
2021-08,3호선,71,종로3가,"217,047","255,421",2021-09-03 10:03:14
2021-08,3호선,72,을지로3가,"220,910","225,064",2021-09-03 10:03:14
2021-08,3호선,73,충무로,33,0,2021-09-03 10:03:14
2021-08,3호선,74,동대입구,"173,411","180,755",2021-09-03 10:03:14
2021-08,3호선,75,약수,"299,203","290,815",2021-09-03 10:03:14
2021-08,3호선,76,금호,"188,503","178,884",2021-09-03 10:03:14
2021-08,3호선,77,옥수,"211,813","222,607",2021-09-03 10:03:14
2021-08,3호선,78,압구정,"726,569","760,917",2021-09-03 10:03:14
2021-08,3호선,79,신사,"682,206","712,302",2021-09-03 10:03:14
2021-08,3호선,80,잠원,"109,239","106,887",2021-09-03 10:03:14
2021-08,3호선,81,고속터미널,"991,735","958,966",2021-09-03 10:03:14
2021-08,3호선,82,교대(법원.검찰청),"301,371","192,865",2021-09-03 10:03:14
2021-08,3호선,83,남부터미널(예술의전당),"672,558","691,783",2021-09-03 10:03:14
2021-08,3호선,84,양재(서초구청),"833,836","903,358",2021-09-03 10:03:14
2021-08,3호선,85,매봉,"275,389","264,054",2021-09-03 10:03:14
2021-08,3호선,86,도곡,"116,923","118,242",2021-09-03 10:03:14
2021-08,3호선,87,대치,"269,797","261,898",2021-09-03 10:03:14
2021-08,3호선,88,학여울,"39,391","39,659",2021-09-03 10:03:14
2021-08,3호선,89,대청,"227,325","211,100",2021-09-03 10:03:14
2021-08,3호선,90,일원,"220,117","218,738",2021-09-03 10:03:14
2021-08,3호선,91,수서,"391,884","399,784",2021-09-03 10:03:14
2021-08,3호선,92,가락시장,"202,388","197,726",2021-09-03 10:03:14
2021-08,3호선,93,경찰병원,"165,441","166,185",2021-09-03 10:03:14
2021-08,3호선,94,오금,"140,631","129,526",2021-09-03 10:03:14
2021-08,4호선,100,수유(강북구청),"808,368","804,425",2021-09-03 10:03:14
2021-08,4호선,101,미아(서울사이버대학),"348,302","339,366",2021-09-03 10:03:14
2021-08,4호선,102,미아사거리,"653,461","634,442",2021-09-03 10:03:14
2021-08,4호선,103,길음,"454,310","443,752",2021-09-03 10:03:14
2021-08,4호선,104,성신여대입구(돈암),"467,573","452,684",2021-09-03 10:03:14
2021-08,4호선,105,한성대입구(삼선교),"313,206","303,687",2021-09-03 10:03:14
2021-08,4호선,106,혜화,"731,501","737,800",2021-09-03 10:03:14
2021-08,4호선,107,동대문,"426,959","438,066",2021-09-03 10:03:14
2021-08,4호선,108,동대문역사문화공원(DDP),"335,565","307,439",2021-09-03 10:03:14
2021-08,4호선,109,충무로,"552,693","574,221",2021-09-03 10:03:14
2021-08,4호선,110,명동,"383,561","398,920",2021-09-03 10:03:14
2021-08,4호선,111,회현(남대문시장),"502,516","526,925",2021-09-03 10:03:14
2021-08,4호선,112,서울역,"224,396","329,515",2021-09-03 10:03:14
2021-08,4호선,113,숙대입구(갈월),"284,230","278,153",2021-09-03 10:03:14
2021-08,4호선,114,삼각지,"111,230","124,478",2021-09-03 10:03:14
2021-08,4호선,115,신용산,"348,543","369,777",2021-09-03 10:03:14
2021-08,4호선,116,이촌(국립중앙박물관),"175,292","194,546",2021-09-03 10:03:14
2021-08,4호선,117,동작(현충원),"50,889","52,646",2021-09-03 10:03:14
2021-08,4호선,118,총신대입구(이수),"441,738","479,674",2021-09-03 10:03:14
2021-08,4호선,119,사당,"552,466","463,546",2021-09-03 10:03:14
2021-08,4호선,120,남태령,"27,296","23,099",2021-09-03 10:03:14
2021-08,4호선,95,당고개,"310,909","287,734",2021-09-03 10:03:14
2021-08,4호선,96,상계,"450,028","421,934",2021-09-03 10:03:14
2021-08,4호선,97,노원,"452,049","500,350",2021-09-03 10:03:14
2021-08,4호선,98,창동,"599,566","635,507",2021-09-03 10:03:14
2021-08,4호선,99,쌍문,"694,543","641,813",2021-09-03 10:03:14
2021-08,경부선,121,서울역,"139,503","43,376",2021-09-03 10:03:14
2021-08,경부선,122,남영,"203,137","212,848",2021-09-03 10:03:14
2021-08,경부선,123,용산,"835,820","832,074",2021-09-03 10:03:14
2021-08,경부선,124,노량진,"194,383","190,559",2021-09-03 10:03:14
2021-08,경부선,125,대방,"287,226","296,358",2021-09-03 10:03:14
2021-08,경부선,126,영등포,"910,312","923,579",2021-09-03 10:03:14
2021-08,경부선,127,신도림,"91,667","92,697",2021-09-03 10:03:14
2021-08,경부선,151,신길,"209,791","176,648",2021-09-03 10:03:14
2021-08,경부선,249,구로,"436,348","441,011",2021-09-03 10:03:14
2021-08,경부선,250,가산디지털단지,"373,284","448,057",2021-09-03 10:03:14
2021-08,경부선,251,금천구청,"270,108","271,072",2021-09-03 10:03:14
2021-08,경부선,252,석수,"225,885","203,756",2021-09-03 10:03:14
2021-08,경부선,253,관악,"169,251","160,156",2021-09-03 10:03:14
2021-08,경부선,254,안양,"504,498","505,044",2021-09-03 10:03:14
2021-08,경부선,255,명학,"200,611","198,002",2021-09-03 10:03:14
2021-08,경부선,256,금정,"600,088","610,063",2021-09-03 10:03:14
2021-08,경부선,257,군포,"170,550","168,129",2021-09-03 10:03:14
2021-08,경부선,258,의왕,"200,727","200,696",2021-09-03 10:03:14
2021-08,경부선,259,성균관대,"312,261","314,373",2021-09-03 10:03:14
2021-08,경부선,260,화서,"166,540","162,259",2021-09-03 10:03:14
2021-08,경부선,261,수원,"844,925","881,959",2021-09-03 10:03:14
2021-08,경부선,262,독산,"384,365","401,045",2021-09-03 10:03:14
2021-08,경부선,263,세류,"71,614","67,496",2021-09-03 10:03:14
2021-08,경부선,264,병점,"330,881","331,043",2021-09-03 10:03:14
2021-08,경부선,265,세마,"62,173","58,671",2021-09-03 10:03:14
2021-08,경부선,266,오산대,"74,851","70,086",2021-09-03 10:03:14
2021-08,경부선,267,오산,"234,987","235,960",2021-09-03 10:03:14
2021-08,경부선,268,진위,"35,779","31,558",2021-09-03 10:03:14
2021-08,경부선,269,송탄,"106,441","101,957",2021-09-03 10:03:14
2021-08,경부선,270,서정리,"151,366","148,680",2021-09-03 10:03:14
2021-08,경부선,271,평택지제,"76,610","72,439",2021-09-03 10:03:14
2021-08,경부선,272,평택,"297,486","295,223",2021-09-03 10:03:14
2021-08,경부선,273,성환,"77,121","78,922",2021-09-03 10:03:14
2021-08,경부선,274,직산,"18,338","18,277",2021-09-03 10:03:14
2021-08,경부선,275,두정,"120,977","123,203",2021-09-03 10:03:14
2021-08,경부선,276,천안,"140,277","143,258",2021-09-03 10:03:14
2021-08,경부선,277,당정,"136,334","131,887",2021-09-03 10:03:14
2021-08,경부선,278,서동탄,"33,449","30,558",2021-09-03 10:03:14
2021-08,경부선,279,광명,"77,230","67,158",2021-09-03 10:03:14
2021-08,경인선,293,개봉,"508,599","518,142",2021-09-03 10:03:14
2021-08,경인선,294,오류동,"286,361","270,528",2021-09-03 10:03:14
2021-08,경인선,295,역곡,"624,179","623,372",2021-09-03 10:03:14
2021-08,경인선,296,부천,"795,415","799,221",2021-09-03 10:03:14
2021-08,경인선,297,송내,"613,098","612,276",2021-09-03 10:03:14
2021-08,경인선,298,부평,"733,283","774,255",2021-09-03 10:03:14
2021-08,경인선,299,백운,"166,655","165,645",2021-09-03 10:03:14
2021-08,경인선,300,동암,"361,315","364,376",2021-09-03 10:03:14
2021-08,경인선,301,주안,"445,369","403,817",2021-09-03 10:03:14
2021-08,경인선,302,제물포,"236,819","229,799",2021-09-03 10:03:14
2021-08,경인선,303,동인천,"335,099","320,511",2021-09-03 10:03:14
2021-08,경인선,304,인천,"99,874","78,370",2021-09-03 10:03:14
2021-08,경인선,305,구일,"139,450","140,570",2021-09-03 10:03:14
2021-08,경인선,306,소사,"206,906","202,517",2021-09-03 10:03:14
2021-08,경인선,307,부개,"200,324","188,398",2021-09-03 10:03:14
2021-08,경인선,308,간석,"140,559","134,721",2021-09-03 10:03:14
2021-08,경인선,309,도원,"66,335","67,828",2021-09-03 10:03:14
2021-08,경인선,310,온수(성공회대입구),"153,414","147,692",2021-09-03 10:03:14
2021-08,경인선,311,중동,"215,360","204,631",2021-09-03 10:03:14
2021-08,경인선,312,도화,"98,943","92,309",2021-09-03 10:03:14
2021-08,경원선,128,이촌(국립중앙박물관),"88,097","69,185",2021-09-03 10:03:14
2021-08,경원선,129,서빙고,"45,294","40,427",2021-09-03 10:03:14
2021-08,경원선,130,한남,"97,519","91,753",2021-09-03 10:03:14
2021-08,경원선,131,옥수,"1,404",923,2021-09-03 10:03:14
2021-08,경원선,132,응봉,"42,123","36,148",2021-09-03 10:03:14
2021-08,경원선,133,왕십리(성동구청),"328,256","379,585",2021-09-03 10:03:14
2021-08,경원선,134,청량리(서울시립대입구),"392,403","407,081",2021-09-03 10:03:14
2021-08,경원선,136,외대앞,"167,542","169,485",2021-09-03 10:03:14
2021-08,경원선,137,신이문,"201,564","187,724",2021-09-03 10:03:14
2021-08,경원선,138,석계,"193,284","217,328",2021-09-03 10:03:14
2021-08,경원선,139,광운대,"182,500","175,250",2021-09-03 10:03:14
2021-08,경원선,140,월계,"148,020","141,767",2021-09-03 10:03:14
2021-08,경원선,141,녹천,"110,792","94,150",2021-09-03 10:03:14
2021-08,경원선,142,창동,6,0,2021-09-03 10:03:14
2021-08,경원선,358,방학,"232,265","227,666",2021-09-03 10:03:14
2021-08,경원선,359,도봉,"147,869","142,449",2021-09-03 10:03:14
2021-08,경원선,360,도봉산,"209,376","135,878",2021-09-03 10:03:14
2021-08,경원선,361,망월사,"176,760","180,685",2021-09-03 10:03:14
2021-08,경원선,362,회룡,"298,956","296,989",2021-09-03 10:03:14
2021-08,경원선,363,의정부,"451,864","466,025",2021-09-03 10:03:14
2021-08,경원선,364,가능,"161,898","156,084",2021-09-03 10:03:14
2021-08,경원선,365,녹양,"109,636","106,067",2021-09-03 10:03:14
2021-08,경원선,366,양주,"190,526","180,822",2021-09-03 10:03:14
2021-08,경원선,367,덕계,"70,653","64,285",2021-09-03 10:03:14
2021-08,경원선,368,덕정,"128,465","125,307",2021-09-03 10:03:14
2021-08,경원선,369,지행,"154,440","154,308",2021-09-03 10:03:14
2021-08,경원선,370,동두천중앙,"78,309","76,288",2021-09-03 10:03:14
2021-08,경원선,371,보산,"39,947","36,873",2021-09-03 10:03:14
2021-08,경원선,372,동두천,"51,355","59,397",2021-09-03 10:03:14
2021-08,경원선,373,소요산,"94,185","81,473",2021-09-03 10:03:14
2021-08,안산선,280,산본,"371,930","401,466",2021-09-03 10:03:14
2021-08,안산선,281,대야미,"117,951","107,702",2021-09-03 10:03:14
2021-08,안산선,282,반월,"100,820","98,212",2021-09-03 10:03:14
2021-08,안산선,283,상록수,"369,725","372,007",2021-09-03 10:03:14
2021-08,안산선,284,한대앞,"204,336","204,502",2021-09-03 10:03:14
2021-08,안산선,285,중앙,"406,507","419,046",2021-09-03 10:03:14
2021-08,안산선,286,고잔,"199,008","189,816",2021-09-03 10:03:14
2021-08,안산선,287,초지,"101,131","104,252",2021-09-03 10:03:14
2021-08,안산선,288,안산,"288,516","268,328",2021-09-03 10:03:14
2021-08,안산선,289,신길온천,"40,611","37,821",2021-09-03 10:03:14
2021-08,안산선,290,정왕,"183,006","194,529",2021-09-03 10:03:14
2021-08,안산선,291,오이도,"212,634","207,147",2021-09-03 10:03:14
2021-08,안산선,292,수리산,"96,954","80,959",2021-09-03 10:03:14
2021-08,과천선,230,선바위,"185,098","164,853",2021-09-03 10:03:14
2021-08,과천선,231,경마공원,"28,408","27,611",2021-09-03 10:03:14
2021-08,과천선,232,대공원,"74,822","77,670",2021-09-03 10:03:14
2021-08,과천선,233,과천,"133,077","123,603",2021-09-03 10:03:14
2021-08,과천선,234,정부과천청사,"227,979","226,958",2021-09-03 10:03:14
2021-08,과천선,235,인덕원,"527,845","548,709",2021-09-03 10:03:14
2021-08,과천선,236,평촌,"387,367","381,627",2021-09-03 10:03:14
2021-08,과천선,237,범계,"587,688","579,886",2021-09-03 10:03:14
2021-08,분당선,143,선릉,"280,650","409,733",2021-09-03 10:03:14
2021-08,분당선,144,한티,"352,213","368,052",2021-09-03 10:03:14
2021-08,분당선,145,도곡,"151,017","148,061",2021-09-03 10:03:14
2021-08,분당선,146,구룡,"42,682","41,618",2021-09-03 10:03:14
2021-08,분당선,147,개포동,"85,073","87,438",2021-09-03 10:03:14
2021-08,분당선,148,대모산입구,"86,510","80,807",2021-09-03 10:03:14
2021-08,분당선,149,수서,"314,686","323,403",2021-09-03 10:03:14
2021-08,분당선,150,복정,11,0,2021-09-03 10:03:14
2021-08,분당선,313,수원,"192,793","161,490",2021-09-03 10:03:14
2021-08,분당선,314,서울숲,"237,914","239,296",2021-09-03 10:03:14
2021-08,분당선,315,압구정로데오,"438,169","475,081",2021-09-03 10:03:14
2021-08,분당선,316,강남구청,"217,022","248,484",2021-09-03 10:03:14
2021-08,분당선,317,선정릉,"171,572","181,462",2021-09-03 10:03:14
2021-08,분당선,318,가천대,"147,548","171,091",2021-09-03 10:03:14
2021-08,분당선,319,태평,"331,322","316,307",2021-09-03 10:03:14
2021-08,분당선,320,모란,"493,167","498,730",2021-09-03 10:03:14
2021-08,분당선,321,야탑,"578,386","604,750",2021-09-03 10:03:14
2021-08,분당선,322,서현,"571,082","577,873",2021-09-03 10:03:14
2021-08,분당선,323,수내,"300,622","298,805",2021-09-03 10:03:14
2021-08,분당선,324,정자,"374,690","393,198",2021-09-03 10:03:14
2021-08,분당선,325,미금,"356,085","377,682",2021-09-03 10:03:14
2021-08,분당선,326,오리,"269,290","224,468",2021-09-03 10:03:14
2021-08,분당선,327,이매,"129,203","122,970",2021-09-03 10:03:14
2021-08,분당선,328,보정,"54,536","48,479",2021-09-03 10:03:14
2021-08,분당선,329,죽전,"301,742","336,207",2021-09-03 10:03:14
2021-08,분당선,330,구성,"107,905","116,778",2021-09-03 10:03:14
2021-08,분당선,331,신갈,"100,855","101,141",2021-09-03 10:03:14
2021-08,분당선,332,기흥,"218,174","209,184",2021-09-03 10:03:14
2021-08,분당선,333,상갈,"123,805","121,571",2021-09-03 10:03:14
2021-08,분당선,334,청명,"92,658","89,525",2021-09-03 10:03:14
2021-08,분당선,335,영통,"186,658","189,696",2021-09-03 10:03:14
2021-08,분당선,336,망포,"307,678","294,485",2021-09-03 10:03:14
2021-08,분당선,337,매탄권선,"110,670","106,437",2021-09-03 10:03:14
2021-08,분당선,338,수원시청,"287,420","303,846",2021-09-03 10:03:14
2021-08,분당선,339,매교,"65,268","65,623",2021-09-03 10:03:14
2021-08,일산선,374,원흥,"239,071","230,252",2021-09-03 10:03:14
2021-08,일산선,375,지축,4,0,2021-09-03 10:03:14
2021-08,일산선,376,삼송,"435,307","425,642",2021-09-03 10:03:14
2021-08,일산선,377,원당,"262,101","251,592",2021-09-03 10:03:14
2021-08,일산선,378,화정,"399,444","413,370",2021-09-03 10:03:14
2021-08,일산선,379,대곡,"44,176","35,436",2021-09-03 10:03:14
2021-08,일산선,380,백석,"234,877","235,557",2021-09-03 10:03:14
2021-08,일산선,381,마두,"174,951","180,539",2021-09-03 10:03:14
2021-08,일산선,382,정발산,"177,959","178,266",2021-09-03 10:03:14
2021-08,일산선,383,주엽,"211,844","212,333",2021-09-03 10:03:14
2021-08,일산선,384,대화,"300,038","248,594",2021-09-03 10:03:14
2021-08,중앙선,135,회기,"560,588","547,771",2021-09-03 10:03:14
2021-08,중앙선,152,중랑,"139,495","133,345",2021-09-03 10:03:14
2021-08,중앙선,153,상봉(시외버스터미널),"148,130","147,167",2021-09-03 10:03:14
2021-08,중앙선,154,망우,"185,942","184,383",2021-09-03 10:03:14
2021-08,중앙선,155,양원,"41,848","42,353",2021-09-03 10:03:14
2021-08,중앙선,156,구리,"315,221","323,525",2021-09-03 10:03:14
2021-08,중앙선,157,도농,"225,702","210,838",2021-09-03 10:03:14
2021-08,중앙선,158,양정,"19,944","17,404",2021-09-03 10:03:14
2021-08,중앙선,159,덕소,"137,490","137,792",2021-09-03 10:03:14
2021-08,중앙선,160,도심,"56,573","45,492",2021-09-03 10:03:14
2021-08,중앙선,161,팔당,"28,424","28,701",2021-09-03 10:03:14
2021-08,중앙선,162,운길산,"24,786","23,149",2021-09-03 10:03:14
2021-08,중앙선,163,양수,"54,495","54,785",2021-09-03 10:03:14
2021-08,중앙선,164,신원,"5,910","4,734",2021-09-03 10:03:14
2021-08,중앙선,165,국수,"17,877","17,590",2021-09-03 10:03:14
2021-08,중앙선,166,아신,"15,024","14,853",2021-09-03 10:03:14
2021-08,중앙선,167,오빈,"7,963","7,851",2021-09-03 10:03:14
2021-08,중앙선,168,양평,"72,542","72,541",2021-09-03 10:03:14
2021-08,중앙선,169,원덕,"9,789","9,051",2021-09-03 10:03:14
2021-08,중앙선,170,용문,"65,296","64,749",2021-09-03 10:03:14
2021-08,중앙선,171,지평,"1,852","2,019",2021-09-03 10:03:14
2021-08,장항선,224,봉명,"27,152","26,215",2021-09-03 10:03:14
2021-08,장항선,225,쌍용(나사렛대),"42,225","39,874",2021-09-03 10:03:14
2021-08,장항선,226,아산,"71,618","63,900",2021-09-03 10:03:14
2021-08,장항선,227,배방,"24,577","24,342",2021-09-03 10:03:14
2021-08,장항선,228,온양온천,"91,220","93,209",2021-09-03 10:03:14
2021-08,장항선,229,신창(순천향대),"33,207","33,171",2021-09-03 10:03:14
2021-08,경의선,173,신촌,"18,607","21,926",2021-09-03 10:03:14
2021-08,경의선,174,효창공원앞,"65,126","75,618",2021-09-03 10:03:14
2021-08,경의선,176,서강대,"51,621","49,123",2021-09-03 10:03:14
2021-08,경의선,178,가좌,"124,763","120,490",2021-09-03 10:03:14
2021-08,경의선,180,수색,"58,353","59,173",2021-09-03 10:03:14
2021-08,경의선,181,화전,"34,375","32,387",2021-09-03 10:03:14
2021-08,경의선,182,강매,"71,900","63,381",2021-09-03 10:03:14
2021-08,경의선,183,행신,"178,848","181,449",2021-09-03 10:03:14
2021-08,경의선,184,능곡,"89,750","83,184",2021-09-03 10:03:14
2021-08,경의선,185,곡산,"13,535","13,993",2021-09-03 10:03:14
2021-08,경의선,186,백마,"158,019","153,849",2021-09-03 10:03:14
2021-08,경의선,187,풍산,"131,676","124,335",2021-09-03 10:03:14
2021-08,경의선,188,일산,"209,148","209,258",2021-09-03 10:03:14
2021-08,경의선,189,탄현,"176,598","171,065",2021-09-03 10:03:14
2021-08,경의선,190,야당,"161,028","157,303",2021-09-03 10:03:14
2021-08,경의선,191,운정,"153,087","146,729",2021-09-03 10:03:14
2021-08,경의선,192,금릉,"111,286","107,943",2021-09-03 10:03:14
2021-08,경의선,193,금촌,"154,340","154,597",2021-09-03 10:03:14
2021-08,경의선,194,월롱,"51,864","52,262",2021-09-03 10:03:14
2021-08,경의선,195,파주,"27,243","20,191",2021-09-03 10:03:14
2021-08,경의선,196,문산,"128,613","127,343",2021-09-03 10:03:14
2021-08,경의선,197,임진강,912,686,2021-09-03 10:03:14
2021-08,경의선,198,서울역,"86,750","103,851",2021-09-03 10:03:14
2021-08,경의선,199,공덕,"79,398","70,769",2021-09-03 10:03:14
2021-08,경의선,200,홍대입구,"41,899","46,699",2021-09-03 10:03:14
2021-08,경의선,201,디지털미디어시티,"57,373","53,551",2021-09-03 10:03:14
2021-08,경의선,203,계양,5,0,2021-09-03 10:03:14
2021-08,경의선,204,검암,4,0,2021-09-03 10:03:14
2021-08,경춘선,205,신내,"40,280","39,139",2021-09-03 10:03:14
2021-08,경춘선,206,갈매,"69,680","61,894",2021-09-03 10:03:14
2021-08,경춘선,207,별내,"74,914","72,713",2021-09-03 10:03:14
2021-08,경춘선,208,퇴계원,"87,122","82,029",2021-09-03 10:03:14
2021-08,경춘선,209,사릉,"77,150","76,171",2021-09-03 10:03:14
2021-08,경춘선,210,금곡,"36,569","35,077",2021-09-03 10:03:14
2021-08,경춘선,211,평내호평,"147,352","144,593",2021-09-03 10:03:14
2021-08,경춘선,212,천마산,"42,054","40,220",2021-09-03 10:03:14
2021-08,경춘선,213,마석,"96,136","96,435",2021-09-03 10:03:14
2021-08,경춘선,214,대성리,"15,207","13,544",2021-09-03 10:03:14
2021-08,경춘선,215,청평,"44,529","43,195",2021-09-03 10:03:14
2021-08,경춘선,216,상천,"8,635","7,639",2021-09-03 10:03:14
2021-08,경춘선,217,가평,"57,386","57,314",2021-09-03 10:03:14
2021-08,경춘선,218,굴봉산,"4,936","4,416",2021-09-03 10:03:14
2021-08,경춘선,219,백양리,"4,068","3,495",2021-09-03 10:03:14
2021-08,경춘선,220,강촌,"17,630","16,978",2021-09-03 10:03:14
2021-08,경춘선,221,김유정,"10,027","10,790",2021-09-03 10:03:14
2021-08,경춘선,222,남춘천,"65,256","68,299",2021-09-03 10:03:14
2021-08,경춘선,223,춘천,"40,856","36,549",2021-09-03 10:03:14
2021-08,수인선,340,고색,"89,519","85,135",2021-09-03 10:03:14
2021-08,수인선,341,오목천,"58,549","55,808",2021-09-03 10:03:14
2021-08,수인선,342,어천,"17,797","18,074",2021-09-03 10:03:14
2021-08,수인선,343,야목,"6,639","5,609",2021-09-03 10:03:14
2021-08,수인선,344,사리,"97,903","87,580",2021-09-03 10:03:14
2021-08,수인선,345,달월,"2,282","1,577",2021-09-03 10:03:14
2021-08,수인선,346,월곶,"61,572","58,755",2021-09-03 10:03:14
2021-08,수인선,347,소래포구,"131,798","128,160",2021-09-03 10:03:14
2021-08,수인선,348,인천논현,"129,309","135,908",2021-09-03 10:03:14
2021-08,수인선,349,호구포,"89,914","94,498",2021-09-03 10:03:14
2021-08,수인선,350,남동인더스파크,"50,605","55,295",2021-09-03 10:03:14
2021-08,수인선,351,원인재,"105,501","110,038",2021-09-03 10:03:14
2021-08,수인선,352,연수,"104,391","103,631",2021-09-03 10:03:14
2021-08,수인선,353,송도,"58,139","54,563",2021-09-03 10:03:14
2021-08,수인선,354,인하대,"128,735","122,345",2021-09-03 10:03:14
2021-08,수인선,355,숭의,"91,831","85,270",2021-09-03 10:03:14
2021-08,수인선,356,신포,"41,976","42,186",2021-09-03 10:03:14
2021-08,수인선,357,인천,"31,622","48,367",2021-09-03 10:03:14
2021-08,경강선,238,판교,"102,080","98,190",2021-09-03 10:03:14
2021-08,경강선,239,이매,"25,680","22,055",2021-09-03 10:03:14
2021-08,경강선,240,삼동,"53,418","49,237",2021-09-03 10:03:14
2021-08,경강선,241,경기광주,"165,041","159,321",2021-09-03 10:03:14
2021-08,경강선,242,초월,"69,491","66,904",2021-09-03 10:03:14
2021-08,경강선,243,곤지암,"50,655","51,996",2021-09-03 10:03:14
2021-08,경강선,244,신둔도예촌,"31,976","30,573",2021-09-03 10:03:14
2021-08,경강선,245,이천,"62,759","66,236",2021-09-03 10:03:14
2021-08,경강선,246,부발,"46,654","45,881",2021-09-03 10:03:14
2021-08,경강선,247,세종대왕릉,"7,758","7,768",2021-09-03 10:03:14
2021-08,경강선,248,여주,"51,280","52,607",2021-09-03 10:03:14
2021-08,5호선,385,방화,"160,245","154,349",2021-09-03 10:03:14
2021-08,5호선,386,개화산,"127,892","123,946",2021-09-03 10:03:14
2021-08,5호선,387,김포공항,"196,391","181,818",2021-09-03 10:03:14
2021-08,5호선,388,송정,"157,792","150,111",2021-09-03 10:03:14
2021-08,5호선,389,마곡,"227,647","226,057",2021-09-03 10:03:14
2021-08,5호선,390,발산,"444,211","456,506",2021-09-03 10:03:14
2021-08,5호선,391,우장산,"325,014","325,116",2021-09-03 10:03:14
2021-08,5호선,392,화곡,"656,711","618,368",2021-09-03 10:03:14
2021-08,5호선,393,까치산,"682,911","666,089",2021-09-03 10:03:14
2021-08,5호선,394,신정(은행정),"316,867","262,457",2021-09-03 10:03:14
2021-08,5호선,395,목동,"384,637","417,884",2021-09-03 10:03:14
2021-08,5호선,396,오목교(목동운동장앞),"506,671","543,496",2021-09-03 10:03:14
2021-08,5호선,397,양평,"162,242","161,765",2021-09-03 10:03:14
2021-08,5호선,398,영등포구청,"85,219","86,236",2021-09-03 10:03:14
2021-08,5호선,399,영등포시장,"220,032","227,022",2021-09-03 10:03:14
2021-08,5호선,400,신길,"91,656","98,726",2021-09-03 10:03:14
2021-08,5호선,401,여의도,"567,215","587,251",2021-09-03 10:03:14
2021-08,5호선,402,여의나루,"231,665","250,160",2021-09-03 10:03:14
2021-08,5호선,403,마포,"306,873","312,996",2021-09-03 10:03:14
2021-08,5호선,404,공덕,"295,597","313,811",2021-09-03 10:03:14
2021-08,5호선,405,애오개,"151,056","150,515",2021-09-03 10:03:14
2021-08,5호선,406,충정로(경기대입구),"101,292","102,435",2021-09-03 10:03:14
2021-08,5호선,407,서대문,"395,605","397,849",2021-09-03 10:03:14
2021-08,5호선,408,광화문(세종문화회관),"628,000","650,516",2021-09-03 10:03:14
2021-08,5호선,409,종로3가,"279,282","280,278",2021-09-03 10:03:14
2021-08,5호선,410,을지로4가,"129,338","131,397",2021-09-03 10:03:14
2021-08,5호선,411,동대문역사문화공원(DDP),"60,752","69,907",2021-09-03 10:03:14
2021-08,5호선,412,청구,"91,907","85,123",2021-09-03 10:03:14
2021-08,5호선,413,신금호,"142,722","149,939",2021-09-03 10:03:14
2021-08,5호선,414,행당,"189,341","170,218",2021-09-03 10:03:14
2021-08,5호선,415,왕십리(성동구청),"108,391","119,644",2021-09-03 10:03:14
2021-08,5호선,416,마장,"128,109","118,979",2021-09-03 10:03:14
2021-08,5호선,417,답십리,"362,995","334,235",2021-09-03 10:03:14
2021-08,5호선,418,장한평,"421,356","417,264",2021-09-03 10:03:14
2021-08,5호선,419,군자(능동),"261,036","283,584",2021-09-03 10:03:14
2021-08,5호선,420,아차산(어린이대공원후문),"344,500","338,620",2021-09-03 10:03:14
2021-08,5호선,421,광나루(장신대),"300,314","275,917",2021-09-03 10:03:14
2021-08,5호선,422,천호(풍납토성),"438,339","431,344",2021-09-03 10:03:14
2021-08,5호선,423,강동,"424,907","408,949",2021-09-03 10:03:14
2021-08,5호선,424,길동,"191,558","198,774",2021-09-03 10:03:14
2021-08,5호선,425,굽은다리(강동구민회관앞),"229,678","219,739",2021-09-03 10:03:14
2021-08,5호선,426,명일,"194,949","202,962",2021-09-03 10:03:14
2021-08,5호선,427,고덕,"218,444","220,724",2021-09-03 10:03:14
2021-08,5호선,428,상일동,"350,641","326,387",2021-09-03 10:03:14
2021-08,5호선,429,둔촌동,"200,965","201,465",2021-09-03 10:03:14
2021-08,5호선,430,올림픽공원(한국체대),"98,389","85,161",2021-09-03 10:03:14
2021-08,5호선,431,방이,"164,470","167,802",2021-09-03 10:03:14
2021-08,5호선,432,오금,"86,962","83,749",2021-09-03 10:03:14
2021-08,5호선,433,개롱,"150,126","159,306",2021-09-03 10:03:14
2021-08,5호선,434,거여,"199,536","193,606",2021-09-03 10:03:14
2021-08,5호선,435,마천,"149,813","148,947",2021-09-03 10:03:14
2021-08,5호선,436,강일,"77,950","76,989",2021-09-03 10:03:14
2021-08,5호선,437,미사,"355,343","356,406",2021-09-03 10:03:14
2021-08,5호선,438,하남풍산,"93,759","94,416",2021-09-03 10:03:14
2021-08,5호선,439,하남시청(덕풍·신장),"131,475","130,723",2021-09-03 10:03:14
2021-08,5호선,440,하남검단산,"124,931","122,004",2021-09-03 10:03:14
2021-08,6호선,441,응암,"413,267","414,850",2021-09-03 10:03:14
2021-08,6호선,442,역촌,"95,810","109,588",2021-09-03 10:03:14
2021-08,6호선,443,불광,"104,284","102,268",2021-09-03 10:03:14
2021-08,6호선,444,독바위,"66,885","72,511",2021-09-03 10:03:14
2021-08,6호선,445,연신내,35,0,2021-09-03 10:03:14
2021-08,6호선,446,구산,"180,535","141,427",2021-09-03 10:03:14
2021-08,6호선,447,새절(신사),"295,864","279,924",2021-09-03 10:03:14
2021-08,6호선,448,증산(명지대앞),"237,651","237,241",2021-09-03 10:03:14
2021-08,6호선,449,디지털미디어시티,"297,984","321,804",2021-09-03 10:03:14
2021-08,6호선,450,월드컵경기장(성산),"117,118","121,475",2021-09-03 10:03:14
2021-08,6호선,451,마포구청,"333,329","301,597",2021-09-03 10:03:14
2021-08,6호선,452,망원,"345,273","375,210",2021-09-03 10:03:14
2021-08,6호선,453,합정,"310,984","298,535",2021-09-03 10:03:14
2021-08,6호선,454,상수,"190,056","213,858",2021-09-03 10:03:14
2021-08,6호선,455,광흥창(서강),"202,116","194,833",2021-09-03 10:03:14
2021-08,6호선,456,대흥(서강대앞),"187,515","192,615",2021-09-03 10:03:14
2021-08,6호선,457,공덕,"395,321","380,429",2021-09-03 10:03:14
2021-08,6호선,458,효창공원앞,"158,073","141,041",2021-09-03 10:03:14
2021-08,6호선,459,삼각지,"141,249","120,826",2021-09-03 10:03:14
2021-08,6호선,460,녹사평(용산구청),"118,764","117,631",2021-09-03 10:03:14
2021-08,6호선,461,이태원,"219,712","226,215",2021-09-03 10:03:14
2021-08,6호선,462,한강진,"177,637","202,223",2021-09-03 10:03:14
2021-08,6호선,463,버티고개,"44,265","48,324",2021-09-03 10:03:14
2021-08,6호선,464,약수,"85,198","82,416",2021-09-03 10:03:14
2021-08,6호선,465,청구,"88,032","91,680",2021-09-03 10:03:14
2021-08,6호선,466,신당,"192,905","199,200",2021-09-03 10:03:14
2021-08,6호선,467,동묘앞,"199,452","202,670",2021-09-03 10:03:14
2021-08,6호선,468,창신,"80,811","66,220",2021-09-03 10:03:14
2021-08,6호선,469,보문,"165,181","154,087",2021-09-03 10:03:14
2021-08,6호선,470,안암(고대병원앞),"219,377","218,944",2021-09-03 10:03:14
2021-08,6호선,471,고려대(종암),"175,293","168,438",2021-09-03 10:03:14
2021-08,6호선,472,월곡(동덕여대),"257,973","258,374",2021-09-03 10:03:14
2021-08,6호선,473,상월곡(한국과학기술연구원),"144,575","130,456",2021-09-03 10:03:14
2021-08,6호선,474,돌곶이,"211,010","199,781",2021-09-03 10:03:14
2021-08,6호선,475,석계,"283,439","293,011",2021-09-03 10:03:14
2021-08,6호선,476,태릉입구,"127,639","139,980",2021-09-03 10:03:14
2021-08,6호선,477,화랑대(서울여대입구),"254,372","202,444",2021-09-03 10:03:14
2021-08,6호선,478,봉화산(서울의료원),"201,552","191,374",2021-09-03 10:03:14
2021-08,6호선,479,신내,3,0,2021-09-03 10:03:14
2021-08,7호선,480,장암,"55,641","27,125",2021-09-03 10:03:14
2021-08,7호선,481,도봉산,"215,476","260,603",2021-09-03 10:03:14
2021-08,7호선,482,수락산,"315,351","314,550",2021-09-03 10:03:14
2021-08,7호선,483,마들,"298,758","286,388",2021-09-03 10:03:14
2021-08,7호선,484,노원,"469,854","493,310",2021-09-03 10:03:14
2021-08,7호선,485,중계,"323,610","296,560",2021-09-03 10:03:14
2021-08,7호선,486,하계,"404,875","384,375",2021-09-03 10:03:14
2021-08,7호선,487,공릉(서울과학기술대),"268,904","270,031",2021-09-03 10:03:14
2021-08,7호선,488,태릉입구,"197,010","186,331",2021-09-03 10:03:14
2021-08,7호선,489,먹골,"242,183","238,780",2021-09-03 10:03:14
2021-08,7호선,490,중화,"261,425","256,697",2021-09-03 10:03:14
2021-08,7호선,491,상봉(시외버스터미널),"401,402","378,832",2021-09-03 10:03:14
2021-08,7호선,492,면목,"366,806","363,492",2021-09-03 10:03:14
2021-08,7호선,493,사가정,"392,046","390,658",2021-09-03 10:03:14
2021-08,7호선,494,용마산(용마폭포공원),"144,160","144,087",2021-09-03 10:03:14
2021-08,7호선,495,중곡,"234,113","223,167",2021-09-03 10:03:14
2021-08,7호선,496,군자(능동),"344,331","282,079",2021-09-03 10:03:14
2021-08,7호선,497,어린이대공원(세종대),"278,077","272,690",2021-09-03 10:03:14
2021-08,7호선,498,건대입구,"289,512","292,627",2021-09-03 10:03:14
2021-08,7호선,499,뚝섬유원지,"207,645","197,305",2021-09-03 10:03:14
2021-08,7호선,500,청담,"421,817","457,839",2021-09-03 10:03:14
2021-08,7호선,501,강남구청,"364,138","397,646",2021-09-03 10:03:14
2021-08,7호선,502,학동,"513,723","537,400",2021-09-03 10:03:14
2021-08,7호선,503,논현,"452,938","487,316",2021-09-03 10:03:14
2021-08,7호선,504,반포,"136,598","130,285",2021-09-03 10:03:14
2021-08,7호선,505,고속터미널,"377,751","307,210",2021-09-03 10:03:14
2021-08,7호선,506,내방,"326,014","331,098",2021-09-03 10:03:14
2021-08,7호선,507,이수,"362,548","354,833",2021-09-03 10:03:14
2021-08,7호선,508,남성,"258,706","242,882",2021-09-03 10:03:14
2021-08,7호선,509,숭실대입구(살피재),"264,177","272,699",2021-09-03 10:03:14
2021-08,7호선,510,상도,"243,681","236,942",2021-09-03 10:03:14
2021-08,7호선,511,장승배기,"225,356","220,873",2021-09-03 10:03:14
2021-08,7호선,512,신대방삼거리,"383,326","371,133",2021-09-03 10:03:14
2021-08,7호선,513,보라매,"222,972","221,759",2021-09-03 10:03:14
2021-08,7호선,514,신풍,"274,235","261,825",2021-09-03 10:03:14
2021-08,7호선,515,대림(구로구청),"205,654","204,379",2021-09-03 10:03:14
2021-08,7호선,516,남구로,"369,263","384,694",2021-09-03 10:03:14
2021-08,7호선,517,가산디지털단지,"982,413","963,994",2021-09-03 10:03:14
2021-08,7호선,518,철산,"490,990","506,169",2021-09-03 10:03:14
2021-08,7호선,519,광명사거리,"534,619","529,941",2021-09-03 10:03:14
2021-08,7호선,520,천왕,"256,576","245,694",2021-09-03 10:03:14
2021-08,7호선,521,온수(성공회대입구),"232,363","214,715",2021-09-03 10:03:14
2021-08,7호선,522,까치울,"183,043","179,619",2021-09-03 10:03:14
2021-08,7호선,523,부천종합운동장,"111,613","98,886",2021-09-03 10:03:14
2021-08,7호선,524,춘의,"222,547","218,957",2021-09-03 10:03:14
2021-08,7호선,525,신중동,"328,420","327,204",2021-09-03 10:03:14
2021-08,7호선,526,부천시청,"304,800","303,636",2021-09-03 10:03:14
2021-08,7호선,527,상동,"306,649","317,934",2021-09-03 10:03:14
2021-08,7호선,528,삼산체육관,"122,313","113,378",2021-09-03 10:03:14
2021-08,7호선,529,굴포천,"214,792","226,275",2021-09-03 10:03:14
2021-08,7호선,530,부평구청,"176,958","157,408",2021-09-03 10:03:14
2021-08,8호선,531,암사,"439,041","398,069",2021-09-03 10:03:14
2021-08,8호선,532,천호(풍납토성),"352,379","401,561",2021-09-03 10:03:14
2021-08,8호선,533,강동구청,"235,797","246,538",2021-09-03 10:03:14
2021-08,8호선,534,몽촌토성(평화의문),"139,202","139,739",2021-09-03 10:03:14
2021-08,8호선,535,잠실(송파구청),"326,569","372,143",2021-09-03 10:03:14
2021-08,8호선,536,석촌,"182,672","211,604",2021-09-03 10:03:14
2021-08,8호선,537,송파,"172,624","175,615",2021-09-03 10:03:14
2021-08,8호선,538,가락시장,"174,606","193,216",2021-09-03 10:03:14
2021-08,8호선,539,문정,"465,142","485,540",2021-09-03 10:03:14
2021-08,8호선,540,장지,"392,432","383,800",2021-09-03 10:03:14
2021-08,8호선,541,복정,"242,324","213,873",2021-09-03 10:03:14
2021-08,8호선,542,산성,"135,342","138,625",2021-09-03 10:03:14
2021-08,8호선,543,남한산성입구(성남법원.검찰청),"311,868","284,127",2021-09-03 10:03:14
2021-08,8호선,544,단대오거리,"245,572","239,495",2021-09-03 10:03:14
2021-08,8호선,545,신흥,"109,053","117,710",2021-09-03 10:03:14
2021-08,8호선,546,수진,"126,851","115,508",2021-09-03 10:03:14
2021-08,8호선,547,모란,"107,312","85,426",2021-09-03 10:03:14
2021-08,9호선,607,개화,"60,700","44,736",2021-09-03 10:03:14
2021-08,9호선,608,김포공항,"198,857","305,273",2021-09-03 10:03:14
2021-08,9호선,609,공항시장,"71,362","78,498",2021-09-03 10:03:14
2021-08,9호선,610,신방화,"160,607","158,374",2021-09-03 10:03:14
2021-08,9호선,611,마곡나루(서울식물원),"260,313","261,649",2021-09-03 10:03:14
2021-08,9호선,612,양천향교,"215,040","220,051",2021-09-03 10:03:14
2021-08,9호선,613,가양,"467,975","456,605",2021-09-03 10:03:14
2021-08,9호선,614,증미,"169,532","171,232",2021-09-03 10:03:14
2021-08,9호선,615,등촌,"267,619","268,393",2021-09-03 10:03:14
2021-08,9호선,616,염창,"387,506","380,402",2021-09-03 10:03:14
2021-08,9호선,617,신목동,"86,914","78,699",2021-09-03 10:03:14
2021-08,9호선,618,선유도,"183,532","179,379",2021-09-03 10:03:14
2021-08,9호선,619,당산,"409,809","406,726",2021-09-03 10:03:14
2021-08,9호선,620,국회의사당,"311,331","314,492",2021-09-03 10:03:14
2021-08,9호선,621,여의도,"542,355","511,017",2021-09-03 10:03:14
2021-08,9호선,622,샛강,"122,651","126,235",2021-09-03 10:03:14
2021-08,9호선,623,노량진,"612,254","597,189",2021-09-03 10:03:14
2021-08,9호선,624,노들,"104,911","90,470",2021-09-03 10:03:14
2021-08,9호선,625,흑석(중앙대입구),"174,931","183,305",2021-09-03 10:03:14
2021-08,9호선,626,동작(현충원),"43,606","34,926",2021-09-03 10:03:14
2021-08,9호선,627,구반포,"55,748","58,600",2021-09-03 10:03:14
2021-08,9호선,628,신반포,"74,004","72,892",2021-09-03 10:03:14
2021-08,9호선,629,고속터미널,"290,797","374,296",2021-09-03 10:03:14
2021-08,9호선,630,사평,"78,501","78,146",2021-09-03 10:03:14
2021-08,9호선,631,신논현,"715,711","707,939",2021-09-03 10:03:14
2021-08,공항철도 1호선,645,서울역,"184,079","171,294",2021-09-03 10:03:14
2021-08,공항철도 1호선,646,공덕,"51,097","65,526",2021-09-03 10:03:14
2021-08,공항철도 1호선,647,홍대입구,"235,699","233,561",2021-09-03 10:03:14
2021-08,공항철도 1호선,648,디지털미디어시티,"283,719","259,808",2021-09-03 10:03:14
2021-08,공항철도 1호선,649,마곡나루(서울식물원),"158,987","154,463",2021-09-03 10:03:14
2021-08,공항철도 1호선,650,김포공항,"324,928","179,526",2021-09-03 10:03:14
2021-08,공항철도 1호선,651,계양,"217,252","208,345",2021-09-03 10:03:14
2021-08,공항철도 1호선,652,검암,"158,385","156,580",2021-09-03 10:03:14
2021-08,공항철도 1호선,653,청라국제도시,"148,370","141,764",2021-09-03 10:03:14
2021-08,공항철도 1호선,654,운서,"160,177","164,336",2021-09-03 10:03:14
2021-08,공항철도 1호선,655,공항화물청사,"55,595","59,518",2021-09-03 10:03:14
2021-08,공항철도 1호선,656,인천공항1터미널,"103,997","106,447",2021-09-03 10:03:14
2021-08,공항철도 1호선,657,인천공항2터미널,"67,573","63,593",2021-09-03 10:03:14
2021-08,공항철도 1호선,658,영종,"74,991","75,818",2021-09-03 10:03:14
2021-08,9호선2~3단계,632,언주,"231,945","233,389",2021-09-03 10:03:14
2021-08,9호선2~3단계,633,선정릉,"208,100","224,484",2021-09-03 10:03:14
2021-08,9호선2~3단계,634,삼성중앙,"143,450","148,787",2021-09-03 10:03:14
2021-08,9호선2~3단계,635,봉은사,"357,119","360,252",2021-09-03 10:03:14
2021-08,9호선2~3단계,636,종합운동장,"95,430","94,821",2021-09-03 10:03:14
2021-08,9호선2~3단계,637,삼전,"160,997","157,606",2021-09-03 10:03:14
2021-08,9호선2~3단계,638,석촌고분,"141,469","142,338",2021-09-03 10:03:14
2021-08,9호선2~3단계,639,석촌,"192,107","171,504",2021-09-03 10:03:14
2021-08,9호선2~3단계,640,송파나루,"116,629","127,139",2021-09-03 10:03:14
2021-08,9호선2~3단계,641,한성백제,"59,940","55,747",2021-09-03 10:03:14
2021-08,9호선2~3단계,642,올림픽공원(한국체대),"135,811","133,015",2021-09-03 10:03:14
2021-08,9호선2~3단계,643,둔촌오륜,"25,269","23,917",2021-09-03 10:03:14
2021-08,9호선2~3단계,644,중앙보훈병원,"234,074","212,338",2021-09-03 10:03:14
2021-08,우이신설선,702,북한산우이,"79,560","76,872",2021-09-03 10:03:14
2021-08,우이신설선,703,솔밭공원,"59,582","58,781",2021-09-03 10:03:14
2021-08,우이신설선,704,4.19민주묘지,"70,507","65,925",2021-09-03 10:03:14
2021-08,우이신설선,705,가오리,"101,297","101,097",2021-09-03 10:03:14
2021-08,우이신설선,706,화계,"81,554","77,763",2021-09-03 10:03:14
2021-08,우이신설선,707,삼양,"48,739","52,417",2021-09-03 10:03:14
2021-08,우이신설선,708,삼양사거리,"61,115","62,458",2021-09-03 10:03:14
2021-08,우이신설선,709,솔샘,"129,419","122,936",2021-09-03 10:03:14
2021-08,우이신설선,710,북한산보국문,"138,508","132,711",2021-09-03 10:03:14
2021-08,우이신설선,711,정릉,"106,436","96,892",2021-09-03 10:03:14
2021-08,우이신설선,712,성신여대입구(돈암),"77,026","84,752",2021-09-03 10:03:14
2021-08,우이신설선,713,보문,"35,784","35,072",2021-09-03 10:03:14
2021-08,우이신설선,714,신설동,"50,127","47,685",2021-09-03 10:03:14
